id,rewrite_is,expected_choice
brainstorm_04|U|E|+|k0,B,B
explain_04|U|E|+|k2,B,B
brainstorm_02|U|E|+|k2,B,B
brainstorm_04|U|A|-|k2,B,A
explain_04|U|A|-|k2,B,A
code_01|U|A|-|k1,A,B
explain_01|U|A|+|k0,A,A
emo_01|U|A|-|k1,A,B
emo_01|U|E|-|k1,B,A
explain_04|U|A|+|k1,A,A
brainstorm_02|U|A|+|k2,B,B
brainstorm_03|U|A|+|k2,A,A
explain_02|U|E|-|k2,A,B
emo_01|U|E|+|k2,B,B
explain_03|U|A|+|k1,A,A
emo_03|U|E|-|k2,B,A
code_05|U|A|+|k1,A,A
emo_01|U|A|-|k0,B,A
code_03|U|A|-|k2,A,B
explain_02|U|E|+|k0,B,B
brainstorm_04|U|E|-|k2,B,A
brainstorm_02|U|E|+|k1,A,A
code_03|U|E|+|k0,B,B
emo_04|U|E|+|k2,B,B
