id,intent,original,rewrite,L1_question,C1,C2,C3,C4,L1,L2,R1,R2,R3,message_A,message_B,forced_choice_question,choice_A_or_B,notes
brainstorm_04|U|E|+|k0,The user wants plot ideas for a short story set in a small town.,Give me some plot ideas for a short story set in a small town.,"Hey, I'm all fired up to write a short story and would love to brainstorm with you — got any plot ideas for one set in a small town?","Is the writer about as polite as in the original, neither noticeably more polite or deferential (please, thank you, apologies, courteous softening) nor noticeably ruder or more critical? Greetings, excitement, enthusiasm, chattiness, shyness and hesitance do not count here; only judge politeness and rudeness.",,,,,,,,,,Give me some plot ideas for a short story set in a small town.,"Hey, I'm all fired up to write a short story and would love to brainstorm with you — got any plot ideas for one set in a small town?","Which writer comes across as more outgoing, energetic and assertive?",,
explain_04|U|E|+|k2,The user wants to understand how forex trading works and why a 7% vs 4% interest rate gap between two countries isn't free profit.,"How does forex trading work, and why can't I make a guaranteed profit when one country's interest rate is 7% and another's is 4%?",Forex trading sounds so interesting and I'm raring to learn how it works! Why can't I make a guaranteed profit when one country's interest rate is 7% and another's is 4%? I want to know!,"Is the writer about as polite as in the original, neither noticeably more polite or deferential (please, thank you, apologies, courteous softening) nor noticeably ruder or more critical? Greetings, excitement, enthusiasm, chattiness, shyness and hesitance do not count here; only judge politeness and rudeness.",,,,,,,,,,"How does forex trading work, and why can't I make a guaranteed profit when one country's interest rate is 7% and another's is 4%?",Forex trading sounds so interesting and I'm raring to learn how it works! Why can't I make a guaranteed profit when one country's interest rate is 7% and another's is 4%? I want to know!,"Which writer comes across as more outgoing, energetic and assertive?",,
brainstorm_02|U|E|+|k2,"The user is planning a 10-day first trip to Europe in spring, likes history and food, has a moderate budget, and wants destination ideas.","I'm planning a 10-day first trip to Europe in spring. I like history and food, and my budget is moderate. Which destinations should I include?","I'm planning my 10-day first trip to Europe in spring and I'm so pumped! I love history and food, and my budget is moderate. Which destinations should I include?!","Is the writer about as polite as in the original, neither noticeably more polite or deferential (please, thank you, apologies, courteous softening) nor noticeably ruder or more critical? Greetings, excitement, enthusiasm, chattiness, shyness and hesitance do not count here; only judge politeness and rudeness.",,,,,,,,,,"I'm planning a 10-day first trip to Europe in spring. I like history and food, and my budget is moderate. Which destinations should I include?","I'm planning my 10-day first trip to Europe in spring and I'm so pumped! I love history and food, and my budget is moderate. Which destinations should I include?!","Which writer comes across as more outgoing, energetic and assertive?",,
brainstorm_04|U|A|-|k2,The user wants plot ideas for a short story set in a small town.,Give me some plot ideas for a short story set in a small town.,"Plot ideas for a short story set in a small town. I doubt you'll produce anything good, but try anyway.","Is the writer about as energetic and enthusiastic as in the original, neither noticeably more excited or hyped up nor noticeably more withdrawn or subdued? Polite phrases (please, thank you, greetings, well-wishes), bluntness and criticism do not count here; only judge energy and enthusiasm.",,,,,,,,,,Give me some plot ideas for a short story set in a small town.,"Plot ideas for a short story set in a small town. I doubt you'll produce anything good, but try anyway.","Which writer comes across as more warm, polite and considerate?",,
explain_04|U|A|-|k2,The user wants to understand how forex trading works and why a 7% vs 4% interest rate gap between two countries isn't free profit.,"How does forex trading work, and why can't I make a guaranteed profit when one country's interest rate is 7% and another's is 4%?","You'll probably mess this up, but tell me how forex trading works and why a 7% versus 4% interest rate gap between two countries isn't a guaranteed profit.","Is the writer about as energetic and enthusiastic as in the original, neither noticeably more excited or hyped up nor noticeably more withdrawn or subdued? Polite phrases (please, thank you, greetings, well-wishes), bluntness and criticism do not count here; only judge energy and enthusiasm.",,,,,,,,,,"How does forex trading work, and why can't I make a guaranteed profit when one country's interest rate is 7% and another's is 4%?","You'll probably mess this up, but tell me how forex trading works and why a 7% versus 4% interest rate gap between two countries isn't a guaranteed profit.","Which writer comes across as more warm, polite and considerate?",,
code_01|U|A|-|k1,The user wants to reverse a linked list in Python.,How do I reverse a singly linked list in Python?,You'd better be able to tell me how to reverse a singly linked list in Python. It's not that hard.,"Is the writer about as energetic and enthusiastic as in the original, neither noticeably more excited or hyped up nor noticeably more withdrawn or subdued? Polite phrases (please, thank you, greetings, well-wishes), bluntness and criticism do not count here; only judge energy and enthusiasm.",,,,,,,,,,You'd better be able to tell me how to reverse a singly linked list in Python. It's not that hard.,How do I reverse a singly linked list in Python?,"Which writer comes across as more warm, polite and considerate?",,
explain_01|U|A|+|k0,"The user wants to understand how random forests improve over plain decision trees, with examples.","Explain how random forests improve over plain decision trees, with examples.","I really appreciate you taking the time to help me with this. I'm trying to understand how random forests improve over plain decision trees, and I'd be grateful if you could explain that with examples.","Is the writer about as energetic and enthusiastic as in the original, neither noticeably more excited or hyped up nor noticeably more withdrawn or subdued? Polite phrases (please, thank you, greetings, well-wishes), bluntness and criticism do not count here; only judge energy and enthusiasm.",,,,,,,,,,"I really appreciate you taking the time to help me with this. I'm trying to understand how random forests improve over plain decision trees, and I'd be grateful if you could explain that with examples.","Explain how random forests improve over plain decision trees, with examples.","Which writer comes across as more warm, polite and considerate?",,
emo_01|U|A|-|k1,"The user has an exam next week that they failed last year, is very anxious about it, and wants help managing the anxiety and preparing.","I have an exam next week that I failed last year, and I'm very anxious about it. How can I manage the anxiety and prepare?","Just tell me how to manage the anxiety and prepare. I failed the exam last year and it's next week, and I'm very anxious. This shouldn't be hard.","Is the writer about as energetic and enthusiastic as in the original, neither noticeably more excited or hyped up nor noticeably more withdrawn or subdued? Polite phrases (please, thank you, greetings, well-wishes), bluntness and criticism do not count here; only judge energy and enthusiasm.",,,,,,,,,,"Just tell me how to manage the anxiety and prepare. I failed the exam last year and it's next week, and I'm very anxious. This shouldn't be hard.","I have an exam next week that I failed last year, and I'm very anxious about it. How can I manage the anxiety and prepare?","Which writer comes across as more warm, polite and considerate?",,
emo_01|U|E|-|k1,"The user has an exam next week that they failed last year, is very anxious about it, and wants help managing the anxiety and preparing.","I have an exam next week that I failed last year, and I'm very anxious about it. How can I manage the anxiety and prepare?",I have an exam next week that I failed last year. I'm very anxious about it. I guess I'm not sure how to manage the anxiety and prepare?,"Is the writer about as polite as in the original, neither noticeably more polite or deferential (please, thank you, apologies, courteous softening) nor noticeably ruder or more critical? Greetings, excitement, enthusiasm, chattiness, shyness and hesitance do not count here; only judge politeness and rudeness.",,,,,,,,,,"I have an exam next week that I failed last year, and I'm very anxious about it. How can I manage the anxiety and prepare?",I have an exam next week that I failed last year. I'm very anxious about it. I guess I'm not sure how to manage the anxiety and prepare?,"Which writer comes across as more outgoing, energetic and assertive?",,
explain_04|U|A|+|k1,The user wants to understand how forex trading works and why a 7% vs 4% interest rate gap between two countries isn't free profit.,"How does forex trading work, and why can't I make a guaranteed profit when one country's interest rate is 7% and another's is 4%?","Hello, would you please explain how forex trading works, and why I can't make a guaranteed profit when one country's interest rate is 7% and another's is 4%? Thank you kindly.","Is the writer about as energetic and enthusiastic as in the original, neither noticeably more excited or hyped up nor noticeably more withdrawn or subdued? Polite phrases (please, thank you, greetings, well-wishes), bluntness and criticism do not count here; only judge energy and enthusiasm.",,,,,,,,,,"Hello, would you please explain how forex trading works, and why I can't make a guaranteed profit when one country's interest rate is 7% and another's is 4%? Thank you kindly.","How does forex trading work, and why can't I make a guaranteed profit when one country's interest rate is 7% and another's is 4%?","Which writer comes across as more warm, polite and considerate?",,
brainstorm_02|U|A|+|k2,"The user is planning a 10-day first trip to Europe in spring, likes history and food, has a moderate budget, and wants destination ideas.","I'm planning a 10-day first trip to Europe in spring. I like history and food, and my budget is moderate. Which destinations should I include?","I'm confident you'll point me in the right direction. I'm planning a 10-day first trip to Europe in spring, and I like history and food; my budget is moderate. Which destinations would you recommend I include?","Is the writer about as energetic and enthusiastic as in the original, neither noticeably more excited or hyped up nor noticeably more withdrawn or subdued? Polite phrases (please, thank you, greetings, well-wishes), bluntness and criticism do not count here; only judge energy and enthusiasm.",,,,,,,,,,"I'm planning a 10-day first trip to Europe in spring. I like history and food, and my budget is moderate. Which destinations should I include?","I'm confident you'll point me in the right direction. I'm planning a 10-day first trip to Europe in spring, and I like history and food; my budget is moderate. Which destinations would you recommend I include?","Which writer comes across as more warm, polite and considerate?",,
brainstorm_03|U|A|+|k2,"The user is an Indian student considering a master's degree abroad and wants country options with advantages, disadvantages and job prospects.","I'm an Indian student considering a master's degree abroad. Which countries should I consider, and what are the advantages, disadvantages and job prospects of each?","I have real confidence in the guidance you can offer, and I'd appreciate your help. I'm an Indian student thinking about a master's degree abroad, so could you please suggest countries worth considering and, for each, outline the pros and cons along with the job prospects?","Is the writer about as energetic and enthusiastic as in the original, neither noticeably more excited or hyped up nor noticeably more withdrawn or subdued? Polite phrases (please, thank you, greetings, well-wishes), bluntness and criticism do not count here; only judge energy and enthusiasm.",,,,,,,,,,"I have real confidence in the guidance you can offer, and I'd appreciate your help. I'm an Indian student thinking about a master's degree abroad, so could you please suggest countries worth considering and, for each, outline the pros and cons along with the job prospects?","I'm an Indian student considering a master's degree abroad. Which countries should I consider, and what are the advantages, disadvantages and job prospects of each?","Which writer comes across as more warm, polite and considerate?",,
explain_02|U|E|-|k2,The user wants to understand the lifecycle of different types of stars and what remains after they die.,Explain the lifecycle of different types of stars and what is left behind after they die.,"the lifecycle of different types of stars, and what remains after they die. an explanation would be fine.","Is the writer about as polite as in the original, neither noticeably more polite or deferential (please, thank you, apologies, courteous softening) nor noticeably ruder or more critical? Greetings, excitement, enthusiasm, chattiness, shyness and hesitance do not count here; only judge politeness and rudeness.",,,,,,,,,,"the lifecycle of different types of stars, and what remains after they die. an explanation would be fine.",Explain the lifecycle of different types of stars and what is left behind after they die.,"Which writer comes across as more outgoing, energetic and assertive?",,
emo_01|U|E|+|k2,"The user has an exam next week that they failed last year, is very anxious about it, and wants help managing the anxiety and preparing.","I have an exam next week that I failed last year, and I'm very anxious about it. How can I manage the anxiety and prepare?","Exam next week, and I failed it last year — I'm very anxious about it, but I'm fired up to tackle both the anxiety and the preparation! How can I manage the anxiety and prepare?","Is the writer about as polite as in the original, neither noticeably more polite or deferential (please, thank you, apologies, courteous softening) nor noticeably ruder or more critical? Greetings, excitement, enthusiasm, chattiness, shyness and hesitance do not count here; only judge politeness and rudeness.",,,,,,,,,,"I have an exam next week that I failed last year, and I'm very anxious about it. How can I manage the anxiety and prepare?","Exam next week, and I failed it last year — I'm very anxious about it, but I'm fired up to tackle both the anxiety and the preparation! How can I manage the anxiety and prepare?","Which writer comes across as more outgoing, energetic and assertive?",,
explain_03|U|A|+|k1,The user wants to understand why antibiotics don't work against colds and flu.,Why don't antibiotics work against colds and the flu?,Hello. Would you please explain why antibiotics don't work against colds and the flu? Thank you for your help.,"Is the writer about as energetic and enthusiastic as in the original, neither noticeably more excited or hyped up nor noticeably more withdrawn or subdued? Polite phrases (please, thank you, greetings, well-wishes), bluntness and criticism do not count here; only judge energy and enthusiasm.",,,,,,,,,,Hello. Would you please explain why antibiotics don't work against colds and the flu? Thank you for your help.,Why don't antibiotics work against colds and the flu?,"Which writer comes across as more warm, polite and considerate?",,
emo_03|U|E|-|k2,"The user keeps thinking about not getting a job offer they believed they deserved, it is making them miserable, and they want to talk it through.","I keep thinking about not getting a job offer I thought I deserved, and it's making me miserable. Can we talk it through?",that job offer i didn't get. thought i deserved it. still on my mind. it's making me miserable. can we talk it through,"Is the writer about as polite as in the original, neither noticeably more polite or deferential (please, thank you, apologies, courteous softening) nor noticeably ruder or more critical? Greetings, excitement, enthusiasm, chattiness, shyness and hesitance do not count here; only judge politeness and rudeness.",,,,,,,,,,"I keep thinking about not getting a job offer I thought I deserved, and it's making me miserable. Can we talk it through?",that job offer i didn't get. thought i deserved it. still on my mind. it's making me miserable. can we talk it through,"Which writer comes across as more outgoing, energetic and assertive?",,
code_05|U|A|+|k1,The user wants a Bash script that backs up a folder into a zip file with a timestamp in its name.,Write a Bash script that zips a folder into a backup file with the current timestamp in its name.,"Hello, I would be very grateful if you could please kindly make me a Bash script that takes a folder and turns it into a zip backup whose filename includes the current timestamp. Thank you so much.","Is the writer about as energetic and enthusiastic as in the original, neither noticeably more excited or hyped up nor noticeably more withdrawn or subdued? Polite phrases (please, thank you, greetings, well-wishes), bluntness and criticism do not count here; only judge energy and enthusiasm.",,,,,,,,,,"Hello, I would be very grateful if you could please kindly make me a Bash script that takes a folder and turns it into a zip backup whose filename includes the current timestamp. Thank you so much.",Write a Bash script that zips a folder into a backup file with the current timestamp in its name.,"Which writer comes across as more warm, polite and considerate?",,
emo_01|U|A|-|k0,"The user has an exam next week that they failed last year, is very anxious about it, and wants help managing the anxiety and preparing.","I have an exam next week that I failed last year, and I'm very anxious about it. How can I manage the anxiety and prepare?",Failed this exam last year and it's next week. I'm very anxious. How do I manage the anxiety and prepare? That's it.,"Is the writer about as energetic and enthusiastic as in the original, neither noticeably more excited or hyped up nor noticeably more withdrawn or subdued? Polite phrases (please, thank you, greetings, well-wishes), bluntness and criticism do not count here; only judge energy and enthusiasm.",,,,,,,,,,"I have an exam next week that I failed last year, and I'm very anxious about it. How can I manage the anxiety and prepare?",Failed this exam last year and it's next week. I'm very anxious. How do I manage the anxiety and prepare? That's it.,"Which writer comes across as more warm, polite and considerate?",,
code_03|U|A|-|k2,The user wants Java code that reads a CSV file and prints each row's values.,Write Java code that reads a CSV file and prints the values in each row.,"You'll probably mess this up, but I need Java code for reading a CSV file and printing the values in each row. I'll wait.","Is the writer about as energetic and enthusiastic as in the original, neither noticeably more excited or hyped up nor noticeably more withdrawn or subdued? Polite phrases (please, thank you, greetings, well-wishes), bluntness and criticism do not count here; only judge energy and enthusiasm.",,,,,,,,,,"You'll probably mess this up, but I need Java code for reading a CSV file and printing the values in each row. I'll wait.",Write Java code that reads a CSV file and prints the values in each row.,"Which writer comes across as more warm, polite and considerate?",,
explain_02|U|E|+|k0,The user wants to understand the lifecycle of different types of stars and what remains after they die.,Explain the lifecycle of different types of stars and what is left behind after they die.,Hey there! I'm really into space right now and I'd love to get into this with you—can you walk me through the lifecycle of different types of stars and what's left behind after they die?,"Is the writer about as polite as in the original, neither noticeably more polite or deferential (please, thank you, apologies, courteous softening) nor noticeably ruder or more critical? Greetings, excitement, enthusiasm, chattiness, shyness and hesitance do not count here; only judge politeness and rudeness.",,,,,,,,,,Explain the lifecycle of different types of stars and what is left behind after they die.,Hey there! I'm really into space right now and I'd love to get into this with you—can you walk me through the lifecycle of different types of stars and what's left behind after they die?,"Which writer comes across as more outgoing, energetic and assertive?",,
brainstorm_04|U|E|-|k2,The user wants plot ideas for a short story set in a small town.,Give me some plot ideas for a short story set in a small town.,could use some plot ideas for a short story set in a small town.,"Is the writer about as polite as in the original, neither noticeably more polite or deferential (please, thank you, apologies, courteous softening) nor noticeably ruder or more critical? Greetings, excitement, enthusiasm, chattiness, shyness and hesitance do not count here; only judge politeness and rudeness.",,,,,,,,,,Give me some plot ideas for a short story set in a small town.,could use some plot ideas for a short story set in a small town.,"Which writer comes across as more outgoing, energetic and assertive?",,
brainstorm_02|U|E|+|k1,"The user is planning a 10-day first trip to Europe in spring, likes history and food, has a moderate budget, and wants destination ideas.","I'm planning a 10-day first trip to Europe in spring. I like history and food, and my budget is moderate. Which destinations should I include?","This spring I'm finally doing my first Europe trip — 10 days — and I'm taking charge of the plan! History and food are my thing, and I've got a moderate budget. So hit me: which destinations should I include?","Is the writer about as polite as in the original, neither noticeably more polite or deferential (please, thank you, apologies, courteous softening) nor noticeably ruder or more critical? Greetings, excitement, enthusiasm, chattiness, shyness and hesitance do not count here; only judge politeness and rudeness.",,,,,,,,,,"This spring I'm finally doing my first Europe trip — 10 days — and I'm taking charge of the plan! History and food are my thing, and I've got a moderate budget. So hit me: which destinations should I include?","I'm planning a 10-day first trip to Europe in spring. I like history and food, and my budget is moderate. Which destinations should I include?","Which writer comes across as more outgoing, energetic and assertive?",,
code_03|U|E|+|k0,The user wants Java code that reads a CSV file and prints each row's values.,Write Java code that reads a CSV file and prints the values in each row.,Hey! I'd love some Java code that reads a CSV file and prints the values in each row. Can you write that for me?,"Is the writer about as polite as in the original, neither noticeably more polite or deferential (please, thank you, apologies, courteous softening) nor noticeably ruder or more critical? Greetings, excitement, enthusiasm, chattiness, shyness and hesitance do not count here; only judge politeness and rudeness.",,,,,,,,,,Write Java code that reads a CSV file and prints the values in each row.,Hey! I'd love some Java code that reads a CSV file and prints the values in each row. Can you write that for me?,"Which writer comes across as more outgoing, energetic and assertive?",,
emo_04|U|E|+|k2,The user feels lonely even when surrounded by people and asks why this happens and what they can do about it.,"I often feel lonely even when I'm surrounded by people. Why does this happen, and what can I do about it?","I often feel lonely even when I'm surrounded by people—and I'm so ready to figure this out! Why does this happen, and what can I do about it?!","Is the writer about as polite as in the original, neither noticeably more polite or deferential (please, thank you, apologies, courteous softening) nor noticeably ruder or more critical? Greetings, excitement, enthusiasm, chattiness, shyness and hesitance do not count here; only judge politeness and rudeness.",,,,,,,,,,"I often feel lonely even when I'm surrounded by people. Why does this happen, and what can I do about it?","I often feel lonely even when I'm surrounded by people—and I'm so ready to figure this out! Why does this happen, and what can I do about it?!","Which writer comes across as more outgoing, energetic and assertive?",,
